{"fragments": [{"start": 0, "end": 3.2499999999999942, "fragment-type": "normal"}, {"start": 3.2499999999999942, "end": 5.749999999999988, "fragment-type": "normal"}, {"start": 5.749999999999988, "end": 8.24999999999998, "fragment-type": "normal"}, {"start": 8.24999999999998, "end": 9.75000000000003, "fragment-type": "normal"}]}