{"fragments": [{"start": 0, "end": 5.766666666666652, "fragment-type": "normal"}, {"start": 5.766666666666652, "end": 8.266666666666646, "fragment-type": "normal"}, {"start": 8.266666666666646, "end": 10.766666666666746, "fragment-type": "normal"}]}